,0
japanese chillhop,817
drift,748
pianissimo,600
sound,583
coverchill,500
focus,475
musica andina,466
yoga,442
atmosphere,396
chillstep,386
scorecore,384
synthwave,363
binaural,346
video game music,296
ambeat,294
fingerstyle,292
otacore,285
 video game music,280
classify,264
chillhop,263
classic opm,240
chill guitar,237
 movie tunes,228
 vaporwave,225
massage,212
 scorecore,212
432hz,206
hawaiian,202
relaxative,196
opm,192
celtic,186
 opm,186
 middle earth,174
vaporwave,162
spacewave,161
music box,160
zen,159
musica para ninos,155
 slack-key guitar,152
 show tunes,150
 wave,148
vbs,147
acoustic guitar cover,141
 vapor twitch,138
chakra,135
pet calming,132
 nursery,130
bemani,120
adult standards,118
minecraft,117
hollywood,115
celtic harp,115
 lounge,112
 easy listening,112
 substep,107
disney,104
commons,101
 synthwave,100
neo mellow,94
 relaxative,91
middle earth,90
 hollywood,88
 focus,86
acoustic chill,86
epicore,79
 pet calming,74
 classify,72
dronescape,71
hardvapour,68
monastic,66
broadway,66
 harp,66
korean ost,65
 warm drone,63
tone,63
asmr,61
modular synth,60
 chillhop,60
anthem worship,55
future bass,52
panpipe,51
movie tunes,51
rumba,51
harp,48
reiki,48
filmi,46
wave,46
native american,44
 otacore,44
idol,43
a cappella,43
chinese traditional,39
anime score,38
 manila sound,37
 japanese vgm,37
 panpipe,37
environmental,35
vapor soul,35
 fingerstyle,35
 disney,34
chillwave,33
mindfulness,32
deep talent show,31
 underground hip hop,30
motivation,29
 iranian experimental,29
brooklyn drill,29
 tone,28
 vapor soul,28
 neo soul,28
mollywood,27
anime,27
final fantasy,27
deep progressive trance,27
british soul,26
phonk,26
bossa nova,26
chill out,25
kawaii future bass,25
 japanese chillhop,25
water,25
stomp and holler,25
chill beats,24
melancholia,23
 regional mexican,22
banda,22
smooth saxophone,22
 sound art,22
warm drone,21
 neo-psychedelic,21
 spanish experimental,20
abstract hip hop,20
 uk hip hop,20
nashville singer-songwriter,20
 nuevo regional mexicano,20
australian psych,20
 lowercase,19
 soul,19
show tunes,19
 modern bollywood,19
 mollywood,19
 tagalog worship,19
indonesian hip hop,19
 sound team,18
slowcore,18
 mexican hip hop,18
 native american flute,18
 melodic dubstep,18
escape room,17
stomp and flutter,17
nuevo regional mexicano,17
slack-key guitar,17
 wonky,17
 mpb,17
 norteno,17
afrofuturism,16
british singer-songwriter,16
 papuri,16
 dub techno,16
 sufi,16
colombian hip hop,16
 russian romanticism,16
 pinoy praise,16
japanese piano,16
north carolina hip hop,15
deep underground hip hop,15
 future bass,15
grime,15
neo-psychedelic,15
underground hip hop,15
eurovision,15
"""childrens music""",15
 monastic,14
brazilian edm,14
 singer-songwriter,14
substep,14
 perreo,14
ballet class,14
easy listening,13
acoustic opm,13
 pianissimo,13
pinoy singer-songwriter,13
australian singer-songwriter,13
deep ccm,13
nightrun,13
 west end,13
dutch singer-songwriter,13
uk hip hop,13
wonky,13
 downtempo,13
neo-singer-songwriter,13
 new tribe,12
 ninja,12
 late romantic era,12
boom bap,12
white noise,12
 small room,12
small room,12
 commons,11
ukulele,11
sound effects,11
new americana,11
 hardvapour,11
sound team,11
 hip hop,11
 choral,11
edm,11
aussietronica,11
 grupera,11
new french touch,11
atl hip hop,10
 orchestra,10
 ccm,10
british choir,10
hangpan,10
japanese vgm,10
hip hop,10
drone,10
post-romantic era,10
 water,10
chill lounge,10
 polyphony,9
 samba,9
big beat,9
dreamo,9
 smooth saxophone,9
korean superband,9
psychill,9
late romantic era,9
abstract beats,9
 irish singer-songwriter,9
downtempo bass,9
 persian neo-traditional,9
nursery,9
 glitch,9
andean flute,9
anime latino,8
modern bollywood,8
 anime score,8
 ukrainian experimental,8
 roots worship,8
 chiptune,8
australian indigenous,8
 motown,8
baroque,8
gqom,8
cello,8
vapor twitch,8
 rumba,8
shred,8
mellow gold,8
pilates,8
gaming edm,8
 chill out,8
finnish experimental,8
corridos tumbados,7
bedroom soul,7
irish neo-traditional,7
choral,7
hopebeat,7
 future garage,7
american romanticism,7
neo soul,7
roots worship,7
bass music,7
j-pixie,7
 drone,7
 tropicalia,7
memphis hip hop,7
worship,7
 psychedelic trance,7
motown,6
 japanese celtic,6
japanese guitar,6
 j-pixie,6
shamanic,6
darksynth,6
 scottish singer-songwriter,6
chopped and screwed,6
lds youth,6
 quiet storm,6
 deep chill,6
greek downtempo,6
melodic dubstep,6
 neo mellow,6
talent show,6
 italian occult psychedelia,6
lds,6
 urban contemporary,6
 italian experimental,6
irish singer-songwriter,6
slam poetry,6
contrabass,5
swedish experimental,5
 intelligent dance music,5
australian talent show,5
deep techno,5
british orchestra,5
uk dance,5
kentucky hip hop,5
belgian singer-songwriter,5
early music choir,5
 musica antigua,5
quiet storm,5
 kirtan,5
progressive psytrance,5
 native american,5
 swing,5
orchestral performance,5
early romantic era,5
 rosary,5
 disco,5
 cambridge choir,5
 british choir,5
west-vlaamse hip hop,5
shimmer psych,5
variete francaise,5
modern electroacoustic,5
 pinoy singer-songwriter,5
 coverchill,5
indonesian edm,5
abstract,5
 nashville sound,5
 theme,5
experimental guitar,5
 vocal ensemble,5
 samba de roda,5
 stomp and flutter,4
light music,4
australian experimental,4
classic soul,4
peruvian hip hop,4
 virginia hip hop,4
 chamber choir,4
british experimental,4
 new england americana,4
" ""childrens music""",4
canadian americana,4
ninja,4
canadian hip hop,4
 stomp and holler,4
nz singer-songwriter,4
retro soul,4
 uilleann pipes,4
 early music ensemble,4
 early music choir,4
psychedelic hip hop,4
minnesota hip hop,4
deep idm,4
native american flute,4
 kawaii future bass,4
 uk drill,4
virginia hip hop,4
 philly soul,4
freestyle,4
dungeon synth,4
 post-romantic era,4
disco,4
 violao,4
stride,4
abstractro,4
 freestyle,4
cartoon,4
 canadian ccm,4
 oxford choir,4
russian romanticism,4
audiophile vocal,4
 synthwave brasileiro,4
destroy techno,3
bossa nova cover,3
beatlesque,3
 field recording,3
 minnesota hip hop,3
classic girl group,3
 shimmer psych,3
downtempo,3
 lds youth,3
nu disco,3
boy band,3
american choir,3
scottish singer-songwriter,3
lilith,3
belgian edm,3
 melancholia,3
dream trance,3
 tollywood,3
 big band,3
norwegian space disco,3
 idol,3
latin worship,3
big room,3
big band,3
praise,3
experimental hip hop,3
maine hip hop,3
field recording,3
chant religieux,3
 spacewave,3
 university choir,3
singing bowl,3
uk drill,3
 kids dance party,3
argentine hip hop,3
 new isolationism,3
 hauntology,3
welsh hip hop,3
abstract idm,3
 vocal harmony group,3
afroswing,3
 southern soul,3
stomp and whittle,3
bc underground hip hop,3
 british soul,3
denpa-kei,3
gothic americana,3
flamenco guitar,3
basshall,3
berlin school,3
 italian baroque,3
 phonk,3
one-person band,3
australian hip hop,3
swedish synth,2
boston hip hop,2
mountain dulcimer,2
 barbershop,2
 mexican edm,2
"""australian childrens music""",2
chamber psych,2
eurodance,2
 trip hop,2
electro,2
austrian hip hop,2
 french hip hop,2
 dancehall,2
freakbeat,2
 jawaiian,2
deep german hip hop,2
 whale song,2
electra,2
dancehall,2
grave wave,2
 livetronica,2
violin,2
 flamenco guitar,2
 exotica,2
 ghazal,2
classic praise,2
swedish americana,2
string quartet,2
chanson,2
 canadian hip hop,2
 eurodance,2
latin hip hop,2
korean mask singer,2
deep adult standards,2
brazilian bass,2
 minimalism,2
italian occult psychedelia,2
milwaukee hip hop,2
mexican edm,2
full on,2
italian techno,2
 new mexico music,2
indiana hip hop,2
renaissance,2
 medieval ensemble,2
tamil hip hop,2
 velha guarda,2
khmer,2
experimental synth,2
 deep underground hip hop,2
liechtenstein,2
 experimental guitar,2
 vintage hollywood,2
healing,2
 worship,2
manila sound,2
dub techno,2
 escape room,2
 post-disco,2
 ballroom,2
bachata,2
nouvelle chanson francaise,2
karaoke,2
 renaissance,2
nu gaze,2
malayalam worship,2
 hardcore hip hop,2
latin,2
norwegian singer-songwriter,2
spytrack,2
 milwaukee hip hop,2
doo-wop,2
flamenco,2
early music ensemble,2
cabaret,2
 british dance band,2
portland hip hop,2
ccm,2
 filmi,2
 brazilian boogie,2
 electra,2
memphis americana,2
 deep idm,2
pixie,2
chill-out trance,2
cowboy western,2
 romantico,2
irish hip hop,2
torch song,2
 early music,2
 turkish experimental,2
balearic,2
demoscene,2
english renaissance,2
manchester hip hop,2
 psychill,2
deep new americana,2
 tejano,2
belgian hip hop,2
midwest americana,2
diy emo,2
nova mpb,2
 drill and bass,2
 trance mexicano,2
iranian experimental,2
indian singer-songwriter,2
riot grrrl,2
russian hip hop,2
trot,2
minimal wave,2
australian americana,1
german techno,1
 horrorcore,1
experimental psych,1
 impressionism,1
 yodeling,1
canadian ccm,1
 british invasion,1
 japanese soul,1
tagalog worship,1
 buffalo hip hop,1
romantico,1
 denpa-kei,1
asian american hip hop,1
 trance,1
chamber choir,1
italian experimental,1
finnish soul,1
bhangra,1
 french baroque,1
hurdy-gurdy,1
accordeon,1
detroit hip hop,1
comedy,1
erotica,1
 classic opm,1
polish experimental,1
contemporary choir,1
musica portuguesa contemporanea,1
deep disco,1
canzone napoletana,1
anthem emo,1
canadian singer-songwriter,1
visual kei,1
jersey club,1
 chamber orchestra,1
nashville hip hop,1
orthodox chant,1
 japanese guitar,1
vocaloid,1
beach music,1
musical advocacy,1
dark disco,1
japanese idm,1
 spanish baroque,1
 plunderphonics,1
violao,1
pinoy hip hop,1
dangdut,1
western swing,1
steel guitar,1
grupera,1
 brazilian edm,1
ballroom,1
 harpsichord,1
bhajan,1
 ukulele,1
shush,1
classic dubstep,1
 edm,1
deconstructed club,1
 outer hip hop,1
dutch edm,1
scottish smallpipe,1
 erhu,1
musica triste brasileira,1
classic bollywood,1
mexican hip hop,1
horror synth,1
strut,1
italian renaissance,1
uk americana,1
bronx hip hop,1
jawaiian,1
adoracao,1
grindcore,1
 deep adult standards,1
 uk worship,1
belly dance,1
tavern,1
spanish prog,1
 stride,1
"""womens music""",1
 stomp and whittle,1
 russian choir,1
 manchester hip hop,1
 nashville singer-songwriter,1
uk dancehall,1
francoton,1
venezuelan hip hop,1
 techno,1
lowercase,1
old school hard trance,1
 bossa nova cover,1
austin americana,1
ethnotronica,1
new york drill,1
miami hip hop,1
filthstep,1
chamber ensemble,1
judaica,1
fake,1
j-division,1
tekk,1
 vocaloid,1
 mellow gold,1
 northern soul,1
 shush,1
 final fantasy,1
 psych gaze,1
tamil worship,1
japanese celtic,1
nashville sound,1
 norwegian experimental,1
nashville americana,1
 souldies,1
apostolic worship,1
chicago soul,1
 ye ye,1
 swedish experimental,1
deep big room,1
 nightcore,1
 new americana,1
 sky room,1
 classic bollywood,1
 comic,1
urban contemporary,1
memphis soul,1
montana roots,1
norteno,1
early music,1
uk worship,1
harpsichord,1
 deep techno,1
banda carnavalera,1
hands up,1
 violin,1
 vgm remix,1
 grime,1
 new french touch,1
sandalwood,1
winnipeg hip hop,1
 electro,1
 swedish singer-songwriter,1
 progressive psytrance,1
musica etnica,1
norwegian americana,1
 orthodox chant,1
 new jack swing,1
vintage hollywood,1
jam band,1
east coast hip hop,1
french baroque,1
hardcore hip hop,1
harlem hip hop,1
grunge,1
neo-pagan,1
 turntablism,1
post-hardcore,1
 language,1
french hip hop,1
 strut,1
deep east coast hip hop,1
dutch hip hop,1
tollywood,1
german hip hop,1
welsh choir,1
baltic choir,1
glass,1
japanese soul,1
merseybeat,1
irish fiddle,1
 classic soul,1
melodic techno,1
 deep regional mexican,1
experimental vocal,1
sky room,1
 hi-nrg,1
 new england experimental,1
buffalo hip hop,1
 midwest emo,1
 chillwave,1
afrobeat,1
techno argentina,1
 powerviolence,1
french techno,1
tin pan alley,1
 minneapolis sound,1
 modular synth,1
beats,1
american shoegaze,1
 east coast hip hop,1
 retro soul,1
 norwegian singer-songwriter,1
 irish flute,1
post-minimalism,1
 deep ccm,1
deep downtempo fusion,1
post-disco,1
kirtan,1
breakcore,1
danish techno,1
acid idm,1
 groove room,1
 franco-flemish school,1
psychedelic trance,1
west end,1
southern americana,1
mashup,1
 pipa,1
 portuguese techno,1
baltimore hip hop,1
nwocr,1
turkish hip hop,1
afrikaans,1
 nova mpb,1
 australian hip hop,1
 screamo,1
 old school hip hop,1
rosary,1
 galante era,1
" ""preschool childrens music""",1
german baroque,1
czsk hip hop,1
j-dance,1
 german techno,1
sefardi,1
aussie drill,1
tibetan traditional,1
 kundiman,1
historic piano performance,1
hong kong hip hop,1
gamecore,1
conscious hip hop,1
franco-flemish school,1
moombahton,1
rai,1
 spoken word,1
russelater,1
progressive trance,1
screamo,1
 corridos tumbados,1
 ranchera,1
deep uplifting trance,1
soul flow,1
hauntology,1
 braindance,1
 deep dubstep,1
 new weird america,1
 tribute,1
psydub,1
 ethereal wave,1
bahai,1
roots americana,1
american primitive,1
 slovak hip hop,1
 indiana hip hop,1
